circulatingSupply,marketCap,maxSupply,name,price,ticker,website
"
17,174,400
","140,553,400,416","
21,000,000
",Bitcoin,8183.89,(BTC),https://bitcoin.org/
"
39,315,683,476
","17,962,942,623","
99,991,900,487
",XRP,0.456890,(XRP),https://ripple.com/xrp/
"
896,149,492
","7,514,410,645","
900,000,000
",EOS,8.39,(EOS),https://eos.io/
"
57,593,207
","4,882,959,429","
84,000,000
",Litecoin,84.78,(LTC),https://litecoin.com
"
2,779,530,283
","2,813,190,395","
2,779,530,283
",IOTA,1.01,(MIOTA),https://www.iota.org/
"
17,260,200
","14,148,548,404","
21,000,000
",Bitcoin Cash,819.72,(BCH),https://www.bitcoincash.org/
"
100,954,523
","47,239,246,129",,Ethereum,467.93,(ETH),https://www.ethereum.org/
"
65,748,111,645
","2,413,435,659","
99,000,000,000
",TRON,0.036707,(TRX),https://tron.network/
"
16,263,719
","2,290,061,676",,Monero,140.81,(XMR),http://www.monero.cc
"
18,767,431,429
","6,016,313,028","
104,144,920,420
",Stellar,0.320572,(XLM),https://www.stellar.org
"
65,000,000
","2,185,378,000","
100,000,000
",NEO,33.62,(NEO),https://neo.org/
"
25,927,070,538
","4,325,957,646","
31,112,483,745
",Cardano,0.166851,(ADA),https://www.cardano.org
"
8,218,135
","2,012,498,036","
18,900,000
",Dash,244.88,(DASH),https://www.dash.org/
"
103,340,766
","1,759,355,873",,Ethereum Classic,17.02,(ETC),https://ethereumclassic.org/
"
8,999,999,999
","1,596,429,000",,NEM,0.177381,(XEM),http://nem.io
"
2,507,140,346
","2,502,379,286","
3,080,109,502
",Tether,0.998101,(USDT),https://tether.to
"
554,545,494
","1,397,365,916","
873,378,637
",VeChain,2.52,(VEN),https://www.vechain.org/
"
95,512,523
","1,330,374,832","
192,443,301
",Binance Coin,13.93,(BNB),https://www.binance.com/
"
607,489,041
","1,268,212,346","
763,306,930
",Tezos,2.09,(XTZ),https://www.tezos.com/
"
140,245,398
","982,869,202",,OmiseGO,7.01,(OMG),https://omg.omise.co/
"
4,445,544
","973,289,566",,Zcash,218.94,(ZEC),https://z.cash/
"
88,664,516
","691,978,669","
100,664,516
",Qtum,7.80,(QTUM),https://qtum.org/
"
536,789,901
","614,543,918","
1,000,000,000
",0x,1.14,(ZRX),https://0xproject.com/
"
7,576,552,268
","571,684,963","
12,600,000,000
",Zilliqa,0.075454,(ZIL),https://www.zilliqa.com/
"
183,890,481,254
","567,359,141","
184,470,000,000
",Bytecoin,0.003085,(BCN),https://bytecoin.org/
"
17,145,874
","544,806,704","
17,245,874
",Bitcoin Gold,31.77,(BTG),https://bitcoingold.org/
"
108,425,024
","533,206,079","
123,670,672
",Lisk,4.92,(LSK),https://lisk.io/
"
2,644,980,000
","523,052,730","
3,600,570,502
",BitShares,0.197753,(BTS),https://bitshares.org
"
8,150,941
","519,697,494","
21,000,000
",Decred,63.76,(DCR),https://www.decred.org/
"
151,292,175
","511,813,863","
1,000,000,000
",Ontology,3.38,(ONT),https://ont.io/
"
387,431,340
","501,801,072","
800,460,000
",ICON,1.30,(ICX),https://www.icon.foundation/
"
233,020,472
","459,924,157","
273,685,830
 ",Aeternity,1.97,(AE),https://www.aeternity.com/
"
10,580,637,193
","448,572,462","
21,000,000,000
",DigiByte,0.042396,(DGB),http://www.digibyte.io/
"
668,228
","424,931,385","
1,000,000
",Maker,635.91,(MKR),https://makerdao.com/
"
115,461,392,845
","396,793,468",,Dogecoin,0.003437,(DOGE),http://dogecoin.com/
"
266,235,430
","391,320,821","
283,209,524
",Steem,1.47,(STEEM),https://steem.com/
"
35,911,327,100
","371,520,635",,Siacoin,0.010346,(SC),https://sia.tech/
"
15,172,086,051
","366,187,400","
16,555,000,000
",Verge,0.024136,(XVG),http://vergecurrency.com/
"
1,002,499,275
","357,569,436","
1,407,000,000
",Bytom,0.356678,(BTM),http://bytom.io/
"
153,756,875
","324,293,238","
156,756,875
",Bitcoin Diamond,2.11,(BCD),http://btcd.io/
"
11,000,000
","336,870,600",,Augur,30.62,(REP),http://www.augur.net/
"
1,000,000,000
","321,394,000","
1,500,000,000
",Basic Attention Token,0.321394,(BAT),https://basicattentiontoken.org/
"
356,761,850
","301,509,072","
1,000,000,000
",Mithril,0.845127,(MITH),https://mith.io/
"
133,248,289
","301,764,736","
133,248,290
",Nano,2.26,(NANO),http://nano.org/en
"
959,242,000
 ","290,075,740","
1,000,000,000
",Golem,0.302401,(GNT),https://golem.network/
"
87,487,145,429
","286,469,659","
280,755,195,000
",Pundi X,0.003274,(NPXS),https://pundix.com/
"
98,950,660
","281,202,934",,Stratis,2.84,(STRAT),http://stratisplatform.com/
"
100,000,000
","263,943,000",,Waves,2.64,(WAVES),https://wavesplatform.com/
"
90,730,576
","251,852,655","
180,730,576
",KuCoin Shares,2.78,(KCS),https://www.kucoin.com/
"
360,956,217
","250,489,898","
870,663,574
",RChain,0.693962,(RHOC),https://www.rchain.coop/
"
40,144,099
","248,679,850","
70,000,000
",Waltonchain,6.19,(WTC),http://www.waltonchain.org/
"
3,470,483,788
","241,958,312","
6,804,870,174
",Status,0.069719,(SNT),http://status.im/
"
8,400,000,000
","235,141,200","
21,000,000,000
",IOST,0.027993,(IOST),http://iost.io/
"
43,282,714
","233,823,611","
84,000,000
",Hshare,5.40,(HSR),https://h.cash/
"
452,552,412
","214,851,068",,MaidSafeCoin,0.474754,(MAID),http://maidsafe.net
"
106,152,493
","208,712,785","
210,000,000
",Wanchain,1.97,(WAN),https://wanchain.org/
"
37,004,027
","208,017,767","
53,252,246
",Populous,5.62,(PPT),http://populous.co/
"
440,383
","189,906,771","
1,000,000
",Mixin,431.23,(XIN),https://mixin.one/
"
2,000,000
","187,891,000",,DigixDAO,93.95,(DGD),https://digix.global/
"
250,000,000
","182,544,500","
280,000,000
",aelf,0.730178,(ELF),http://aelf.io/
"
998,999,495
","177,255,477","
998,999,495
",Ardor,0.177433,(ARDR),https://www.ardorplatform.org/
"
108,593,125
","173,073,550",,Komodo,1.59,(KMD),https://komodoplatform.com/
"
50,000,200
","169,873,679","
500,000,000
",Huobi Token,3.40,(HT),https://www.huobi.pro/
"
60,000,000
","166,006,800","
100,000,000
",GXChain,2.77,(GXS),https://gxs.gxb.io/en/
"
188,769,272
","160,661,527","
465,934,587
",Aion,0.851100,(AION),https://aion.network/
"
20,499,542
","154,141,588","
21,000,000
",Bitcoin Private,7.52,(BTCP),https://btcprivate.org
"
45,500,000
","152,436,375","
100,000,000
",Nebulas,3.35,(NAS),https://nebulas.io/
"
572,074,043
","151,419,418","
1,374,956,262
",Loopring,0.264685,(LRC),https://loopring.org
"
35,897,055
","143,279,144","
56,483,386
",MOAC,3.99,(MOAC),http://moac.io/
"
4,366,788
","138,232,405","
21,000,000
",ZenCash,31.66,(ZEN),https://zencash.com/
"
45,389,656
","138,631,356","
106,827,281
",Cryptonex,3.05,(CNX),https://cryptonex.org/
"
1,050,141,509
","135,601,623","
2,644,403,343
",Decentraland,0.129127,(MANA),https://decentraland.org/
"
756,097,560,976
","136,669,171","
10,000,000,000,000
",Kin,0.000181,(KIN),http://kinecosystem.org/
"
61,145,975
","135,406,538",,MonaCoin,2.21,(MONA),http://monacoin.org
"
42,076,610
","134,367,447",,Emercoin,3.19,(EMC),http://emercoin.com/
"
104,114,056
","129,052,496","
135,364,056
",Ark,1.24,(ARK),http://ark.io/
"
930,851,783
","128,247,174","
1,850,000,000
",WAX,0.137774,(WAX),https://wax.io/
"
5,010,848,189
","125,605,929","
10,999,873,621
",FunFair,0.025067,(FUN),https://funfair.io/
"
28,808,713,174
","122,586,260",,ReddCoin,0.004255,(RDD),http://www.reddcoin.com/
"
56,781,166
","121,746,769",,PIVX,2.14,(PIVX),http://www.pivx.org
"
134,132,697
","121,681,025","
215,625,349
",Kyber Network,0.907169,(KNC),https://kyber.network/
"
325,226,613,094
","119,676,564","
1,963,173,416,169
",Dentacoin,0.000368,(DCN),http://www.dentacoin.com/
"
15,793,831
","118,536,967","
31,587,682
",MCO,7.51,(MCO),https://mco.crypto.com/
"
373,755,607
","117,383,928","
1,000,000,000
",Power Ledger,0.314066,(POWR),https://powerledger.io/
"
51,281,921
","116,062,268","
75,935,743
",Bancor,2.26,(BNT),https://bancor.network/
"
587,164,556
","115,235,741","
1,000,000,000
",Loom Network,0.196258,(LOOM),https://loomx.io/
"
20,317,249,982
","114,499,691","
30,000,000,000
",Dropil,0.005636,(DROP),https://dropil.com
"
68,428,768
","106,369,099","
150,000,000
",Paypex,1.55,(PAYX),https://paypex.org/
"
133,214,575,156
","105,481,032","
177,619,433,541
",Holo,0.000792,(HOT),https://holochain.org/
"
276,420,107
","105,003,430","
1,000,000,000
",Polymath,0.379869,(POLY),https://www.polymath.network/
"
694,798,400
","103,137,264","
1,000,000,000
",CyberMiles,0.148442,(CMT),https://www.cybermiles.io/
"
10,128,375
","103,209,155","
17,190,378
",Gas,10.19,(GAS),https://neo.org/
"
998,999,942
","104,231,658","
1,000,000,000
",Nxt,0.104336,(NXT),https://nxt.org/
"
40,000,000
","101,800,000",,Nuls,2.54,(NULS),https://nuls.io/
"
109,200,361
","96,581,822","
205,218,256
",TenX,0.884446,(PAY),https://www.tenx.tech/
"
350,000,000
","95,933,950","
1,000,000,000
",ChainLink,0.274097,(LINK),https://smartcontract.com/
"
104,342,466
","95,424,211","
269,944,749
",Bibox Token,0.914529,(BIX),https://www.bibox.com/
"
7,504,882,442
","92,891,682","
21,000,000,000
",Electroneum,0.012377,(ETN),http://electroneum.com/
"
74,836,171
","92,244,561","
150,000,000
",Enigma,1.23,(ENG),https://enigma.co/
"
662,811
","90,337,130","
1,000,000
",Byteball Bytes,136.29,(GBYTE),https://byteball.org/
"
146,000,000
","33,471,084","
200,000,000
",Tokenomy,0.229254,(TEN),https://www.tokenomy.com/
"
198,993
","33,292,703",,Unobtanium,167.31,(UNO),http://unobtanium.uno
"
5,330,110
","89,694,020","
33,784,144
",Elastos,16.83,(ELA),https://www.elastos.org/
"
25,240,243
","32,993,036","
66,588,888
",Metal,1.31,(MTL),https://www.metalpay.com/
"
664,002,689
","88,706,111","
1,000,000,000
",Theta Token,0.133593,(THETA),https://www.thetatoken.org/
"
2,163,833,975
","32,676,922","
 10,000,000,000
",Mainframe,0.015101,(MFT),https://mainframe.com/
"
3,726,781
","32,267,773","
4,436,644
",Genesis Vision,8.66,(GVT),https://genesis.vision/
"
537,426,150
","87,793,936","
888,000,000
",Syscoin,0.163360,(SYS),http://syscoin.org
"
350,000,000
","87,004,400","
1,000,000,000
",QASH,0.248584,(QASH),https://liquid.plus/
"
193,230,567
","32,112,795","
350,000,000
",SophiaTX,0.166189,(SPHTX),https://www.sophiatx.com/
"
440,057,074
","86,755,492","
1,000,000,000
",Scry.info,0.197146,(DDD),https://home.scry.info/
"
52,000,000
","32,101,888","
65,000,000
",Quantum Resistant Ledger,0.617344,(QRL),https://theqrl.org/
"
45,669,710
","86,364,619","
55,905,056
",Metaverse ETP,1.89,(ETP),https://mvs.org/
"
500,149,871
","32,025,497","
1,008,787,338
",GoChain,0.064032,(GO),https://gochain.io/
"
5,280,486
","86,177,536","
21,400,000
",ZCoin,16.32,(XZC),https://zcoin.io
"
249,353,534
","31,705,801",,WhiteCoin,0.127152,(XWC),http://whitecoin.info/
"
58,447,015
","85,564,092",,Nexus,1.46,(NXS),http://www.nexusearth.com/
"
10,614,760,961
","31,551,315","
100,000,000,000
",Dent,0.002972,(DENT),https://www.dentcoin.com/
"
2,036,645
","85,268,235","
100,000,000
",Veritaseum,41.87,(VERI),http://veritas.veritaseum.com/
"
138,268,126
","31,531,217","
249,471,071
",Credits,0.228044,(CS),https://credits.com/en
"
533,786,482
","83,671,031","
1,000,000,000
",Gifto,0.156750,(GTO),https://gifto.io/
"
393,051,949
","30,858,351","
900,000,000
",Rock,0.078510,(RKT),https://gbx.gi/
"
77,351,941
","82,430,869","
222,295,208
",Ethos,1.07,(ETHOS),https://www.ethos.io/
"
2,428,461,491
","30,595,701","
5,999,999,954
",Selfkey,0.012599,(KEY),https://selfkey.org/
"
790,906,715
","81,573,328","
1,200,000,000
",Centrality,0.103139,(CENNZ),https://www.centrality.ai/
"
23,073,952
","30,451,618","
23,176,392
",Viacoin,1.32,(VIA),http://viacoin.org
"
149,792,458
","81,131,040","
299,792,458
",Cortex,0.541623,(CTXC),http://www.cortexlabs.ai/
"
15,638,907
","30,412,983","
17,093,134
",Bitcore,1.94,(BTX),http://bitcore.cc/
"
1,053,773,052
","80,404,886","
1,654,817,331
",SmartCash,0.076302,(SMART),https://smartcash.cc/
"
217,324,021
","30,126,977",,Einsteinium,0.138627,(EMC2),https://www.emc2.foundation/
"
383,021,000
","78,357,670","
472,000,000
",Substratum,0.204578,(SUB),https://substratum.net/
"
145,912,366
","30,007,024","
700,000,000
",NKN,0.205651,(NKN),https://nkn.org/
"
8,745,102
","78,072,598",,Factom,8.93,(FCT),http://factom.org/
"
73,430,701
","29,499,903","
100,000,000
",AdEx,0.401738,(ADX),https://www.adex.network/
"
4,494,529,635
","75,156,176","
10,000,000,000
",Storm,0.016722,(STORM),https://stormtoken.com/
"
1,099,946,877
","29,247,367","
1,299,999,942
",ETHLend,0.026590,(LEND),https://ethlend.io/
"
37,302,632
","75,124,517","
100,000,000
",High Performance Blockchain,2.01,(HPB),http://www.gxn.io/
"
376,765,852
","28,832,949","
999,999,999
",CPChain,0.076527,(CPC),http://www.cpchain.io/
"
179,017,071
","71,981,869","
268,946,131
",ODEM,0.402095,(ODE),https://odem.io/
"
1,076,141,972
","28,793,039","
5,000,000,000
",Soarcoin,0.026756,(SOAR),http://soarlabs.org/
"
761,444,190
","70,647,325","
2,000,000,000
",Game.com,0.092781,(GTC),http://game.com/
"
531,344,681
","28,769,392","
1,469,247,736
",Endor Protocol,0.054144,(EDR),https://www.endor.com/
"
1,102,115,896
","69,531,059","
2,147,483,648
",CyberVein,0.063089,(CVT),http://www.cybervein.org/
"
31,529,118,324
","28,750,615","
100,000,000,000
",Telcoin,0.000912,(TEL),https://www.telco.in/
"
29,684,331
","69,529,015","
57,344,000
",Fusion,2.34,(FSN),https://fusion.org/
"
2,385,386,915
","28,616,294","
5,000,000,000
",Refereum,0.011997,(RFR),https://refereum.com/
"
64,893,677
","68,507,606","
120,000,000
",SALT,1.06,(SALT),https://www.saltlending.com/
"
14,736,400
","28,542,344",,Namecoin,1.94,(NMC),https://www.namecoin.org/
"
135,787,539
","67,658,857","
424,999,998
",Storj,0.498270,(STORJ),https://storj.io/
"
82,353,022
","28,491,263","
1,007,949,847
",Nectar,0.345965,(NEC),https://www.ethfinex.com/
"
238,421,940
","67,319,150","
433,494,437
",Dragonchain,0.282353,(DRGN),https://dragonchain.com/
"
527,511,653
","28,376,856","
1,000,000,000
",IHT Real Estate Protocol,0.053794,(IHT),https://ihtcoin.com/
"
170,400,000
","64,906,042","
210,000,000
",WaykiChain,0.380904,(WICC),http://waykichain.com/
"
50,216,064
","28,172,317","
56,921,773
",DMarket,0.561022,(DMT),https://dmarket.com/
"
5,255,005
","63,804,698",,Blocknet,12.14,(BLOCK),http://blocknet.co/
"
64,355,352
","28,096,710","
84,000,000
",GameCredits,0.436587,(GAME),http://gamecredits.com
"
150,000,000
","63,398,550","
250,000,000
",Matrix AI Network,0.422657,(MAN),https://www.matrixchain.io/
"
86,210,198
","27,913,828","
1,000,000,000
",Scroll,0.323788,(SCRL),https://www.scroll.network/
"
62,660,371
","63,002,497","
83,337,000
",Santiment Network Token,1.01,(SAN),https://santiment.net/
"
879,828,358
","27,879,737","
1,500,000,000
",All Sports,0.031688,(SOC),https://www.allsportschain.com/
"
62,596,808
","62,339,473",,TrueUSD,0.995889,(TUSD),https://www.trusttoken.com/
"
370,323,972
","27,549,067","
2,000,000,000
",DAEX,0.074392,(DAX),https://daex.io/
"
342,699,966
","60,423,830","
1,000,000,000
",Civic,0.176317,(CVC),https://www.civic.com/
"
89,921,436
","27,729,343","
223,534,823
",Trade Token,0.308373,(TIO),https://trade.io/
"
511,336,568
","57,315,716","
548,813,072
",KickCoin,0.112090,(KICK),https://www.kickico.com/
"
215,514,234
","27,599,830","
850,000,000
",Docademic,0.128065,(MTC),https://mtc.docademic.com/
"
10,049,635
","56,287,505","
9,053,635
",Particl,5.60,(PART),http://particl.io/
"
61,577,865
","27,473,888","
100,000,000
",IoT Chain,0.446165,(ITC),https://iotchain.io/
"
99,156,976
","56,236,879",,Iconomi,0.567150,(ICN),https://www.iconomi.net/
"
160,000,000
","27,506,400","
200,000,000
",Jibrel Network,0.171915,(JNT),https://jibrel.network/
"
186,206,993
","55,773,464","
500,000,000
",Bluzelle,0.299524,(BLZ),https://bluzelle.com/
"
809,604,814
","27,360,676","
1,358,371,250
",Red Pulse,0.033795,(RPX),https://www.redpulse.com/landing
"
1,104,590
","55,512,606","
10,000,000
",Gnosis,50.26,(GNO),https://gnosis.pm/
"
63,108,385
","27,208,044",,NavCoin,0.431132,(NAV),http://www.navcoin.org/
"
1,288,862
","55,221,043",,BitcoinDark,42.84,(BTCD),http://bitcoindark.com/
"
824,000,000
","27,237,650","
1,000,000,000
",Aston,0.033055,(ATX),https://www.aston.company/
"
54,971,315
","54,895,290",,Dai,0.998617,(DAI),http://www.makerdao.com/
"
27,000,000
","27,160,110","
27,000,000
",BridgeCoin,1.01,(BCO),https://www.crypto-bridge.org/
"
45,267,400
","54,656,311","
84,000,000
",Vertcoin,1.21,(VTC),http://vertcoin.org/
"
357,431,729
","27,136,824","
10,000,000,000
",QuarkChain,0.075922,(QKC),https://quarkchain.io/
"
10,000,000
","53,955,500","
25,000,000
",Skycoin,5.40,(SKY),http://skycoin.net/
"
8,073,316,774
","27,128,120","
11,287,544,272
",Storiqa,0.003360,(STQ),https://crowdsale.storiqa.com/
"
32,687,957,978
","54,217,881","
 91,584,000,000
",Noah Coin,0.001659,(NOAH),https://noahcoin.org/
"
279,253,992
","26,782,329","
500,000,000
",OriginTrail,0.095907,(TRAC),https://origintrail.io/
"
24,867,464
","54,175,014",,Peercoin,2.18,(PPC),http://www.peercoin.net
"
450,000,000
","26,958,195","
1,000,000,000
",EDUCare,0.059907,(EKT),http://ekt8.io/
"
761,143,950
","53,114,299","
999,449,694
",Ignis,0.069782,(IGNIS),https://www.ardorplatform.org/ignis%E2%80%94first-childchain
"
4,416,350,572
","26,731,640","
9,520,000,000
",APIS,0.006053,(APIS),https://apisplatform.io/
"
4,436,425,098
","52,931,875","
10,000,000,000
",Nucleus Vision,0.011931,(NCASH),https://nucleus.vision/
"
1,010,788
","26,464,543",,SaluS,26.18,(SLS),http://saluscoin.info/
"
41,822,536
","51,366,021",,Ubiq,1.23,(UBQ),http://ubiqsmart.com/
"
29,261,461
","26,318,519","
90,208,328
",Eidoo,0.899426,(EDO),https://eidoo.io/
"
80,070,793
","50,157,706","
86,999,785
",iExec RLC,0.626417,(RLC),http://iex.ec/
"
50,645,588
","25,911,042","
100,000,000
",GoNetwork,0.511615,(GOT),https://gonetwork.co/index.html
"
 1,543,157,590
","50,048,304","
2,147,483,647
",Safe Exchange Coin,0.032432,(SAFEX),http://safex.io/
"
725,940,241
","25,928,045","
999,999,999
",Lympo,0.035716,(LYM),https://lympo.io/
"
54,931,384
","49,754,211","
6,000,000,000
",PRIZM,0.905752,(PZM),http://en.prizm.club/
"
4,626,502,186
","25,608,245","
11,500,000,000
",DATA,0.005535,(DTA),http://data.eco/
"
15,477,224
","49,732,035","
19,325,855
",TokenPay,3.21,(TPAY),https://www.tokenpay.com/
"
1,141,040,005
","25,477,141","
10,000,000,000
",IoTeX,0.022328,(IOTX),https://iotex.io/
"
28,215,645
","49,195,670","
39,609,524
",Aragon,1.74,(ANT),https://aragon.one/
"
15,831,459
","25,251,969",,Aeon,1.60,(AEON),http://www.aeon.cash/
"
1,031,355,785
","48,716,916","
2,000,000,000
",MediShares,0.047236,(MDS),http://www.medishares.org/
"
500,000,000
","24,868,750","
1,000,000,000
",Zeepin,0.049737,(ZPT),https://www.zeepin.io/
"
2,361,679,677
","48,508,664","
5,541,679,677
",Time New Bank,0.020540,(TNB),http://tnb.fund/
"
37,341,840
","24,921,757","
69,403,131
",United Traders Token,0.667395,(UTT),https://uttoken.io/
"
13,362,763
","48,502,820","
14,109,128
",Neblio,3.63,(NEBL),https://nebl.io/
"
19,361,889,557
","24,907,716","
30,000,000,000
",NANJCOIN,0.001286,(NANJ),https://nanjcoin.com/
"
539,673,260
","48,055,853","
1,000,000,000
",SingularityNET,0.089046,(AGI),https://singularitynet.io/
"
2,582,965,294
","24,872,871","
6,000,000,000
",Sakura Bloom,0.009630,(SKB),https://www.skb-coin.jp/en/
"
79,256,577
","47,931,525","
99,983,577
",Crypterium,0.604764,(CRPT),https://crypterium.io/
"
1,967,569,736
","25,079,628","
2,158,812,800
",Burst,0.012746,(BURST),https://www.burst-coin.org
"
1,413,716,694
","47,926,268","
3,141,592,653
",SmartMesh,0.033901,(SMT),https://smartmesh.io/
"
376,657,502
","24,457,238","
887,990,859
",Mobius,0.064932,(MOBI),https://mobius.network/
"
760,692,535
","47,579,645","
1,000,000,000
",Enjin Coin,0.062548,(ENJ),https://enjincoin.io/
"
841,750,000
","23,872,283","
942,000,000
",BitRent,0.028360,(RNTB),https://bitrent.io
"
70,544,739
","46,637,832","
105,000,000
",Groestlcoin,0.661110,(GRS),http://www.groestlcoin.org/
"
35,973,085,511
","23,857,962","
39,999,999,905
",CasinoCoin,0.000663,(CSC),http://casinocoin.org/
"
697,761,002
","46,479,256","
999,990,765
",Request Network,0.066612,(REQ),https://request.network/
"
463,910,527
","23,795,595","
1,000,000,000
",Ink,0.051293,(INK),https://ink.one/
"
923,800,000
","46,378,455","
1,840,000,000
",Ruff,0.050204,(RUFF),http://ruffchain.com/
"
180,265,388
","23,743,836","
555,165,392
",LBRY Credits,0.131716,(LBC),https://lbry.io/
"
1,500,000,000
","46,577,550","
10,000,000,000
",DeepBrain Chain,0.031052,(DBC),https://www.deepbrainchain.org/
"
120,324,679
","23,737,532","
217,698,062
",LGO Exchange,0.197279,(LGO),https://legolas.exchange/
"
96,727,971
","45,583,443","
10,000,000,000
",TaTaTu,0.471254,(TTU),https://tatatutoken.io/
"
401,698,440
","23,547,723","
473,198,440
",Gulden,0.058620,(NLG),https://gulden.com/
"
508,690,153
","45,246,768","
1,000,000,000
",Bottos,0.088948,(BTO),https://www.bottos.org/
"
660,755,177
","23,448,681","
1,200,000,000
",eosDAC,0.035488,(EOSDAC),https://eosdac.io/
"
6,906,847,847
","44,839,118","
8,589,869,056
",DigitalNote,0.006492,(XDN),http://www.digitalnote.biz/
"
2,599,420,370
","23,359,847","
8,000,000,000
",Egretia,0.008987,(EGT),http://egretia.io/
"
104,708,437,065
","44,551,136","
180,000,000,000
",Nexty,0.000425,(NTY),https://nexty.io/
"
296,392,000
","23,473,743","
1,000,000,000
",Internet Node Token,0.079198,(INT),https://intchain.io/
"
629,990,099
","44,079,777","
1,000,000,000
",BnkToTheFuture,0.069969,(BFT),https://bf-token.bnktothefuture.com/#!/
"
98,028,877
","23,274,604","
100,000,000
",MobileGo,0.237426,(MGO),https://mobilego.io/
"
677,154,514
","43,544,624","
987,154,514
",Streamr DATAcoin,0.064305,(DATA),https://www.streamr.com/
"
57,672,338
","23,066,859","
77,910,266
",NAGA,0.399964,(NGC),https://www.thenagacoin.com/
"
1,445,976,590
","43,668,348","
2,000,000,005
",Cindicator,0.030200,(CND),https://cindicator.com/
"
183,000,000
","22,922,946","
198,360,471
",Wagerr,0.125262,(WGR),https://www.wagerr.com/
"
560,000,010
","43,266,273","
1,000,000,000
",Nexo,0.077261,(NEXO),http://nexo.io
"
973,098,288
","22,665,211","
3,385,008,508
",Distributed Credit Chain,0.023292,(DCC),http://dcc.finance/
"
186,450,000
","42,788,970","
484,450,000
",Revain,0.229493,(R),https://revain.org/
"
42,622,724
","22,416,356","
100,000,000
",Delphy,0.525925,(DPY),https://delphy.org/
"
359,600,000
","42,685,599","
444,000,000
",SONM,0.118703,(SNM),https://sonm.io/
"
553,504,084
","42,486,697","
1,000,000,000
",Achain,0.076759,(ACT),https://www.achain.com/
"
26,591,778,249
","22,263,062","
27,458,934,802
",Electra,0.000837,(ECA),https://electraproject.org/
"
84,302,524
","22,381,477","
210,000,000
",ATN,0.265490,(ATN),https://atn.io/
"
5,060,038,287
","42,607,445","
9,795,844,687
",THEKEY,0.008420,(TKY),https://www.thekey.vip
"
70,623,456
","22,466,522","
80,315,688
",Stakenet,0.318117,(XSN),https://stakenet.io/
"
600,000,000
","22,296,840","
1,000,000,000
",district0x,0.037161,(DNT),https://district0x.io/
"
1,218,054,044
","42,226,036","
3,750,000,000
",Dynamic Trading Rights,0.034667,(DTR),http://www.tokens.net/
"
4,487,863
","42,130,617","
21,000,000
",ZClassic,9.39,(ZCL),http://zclassic.org/
"
568,856,499
","22,222,493","
1,000,000,000
",Republic Protocol,0.039065,(REN),https://republicprotocol.com/
"
50,168,936
","41,830,457","
100,000,000
",Raiden Network Token,0.833792,(RDN),https://raiden.network/
"
437,677,583
","22,190,516","
2,100,000,000
",PCHAIN,0.050701,(PAI),https://pchain.org/
"
2,317,238,741
","41,557,360","
3,141,592,653
",Po.et,0.017934,(POE),https://po.et/
"
491,580,791
","22,165,378","
999,942,647
",Ripio Credit Network,0.045090,(RCN),https://ripiocredit.network/
"
617,314,171
","41,527,712","
976,442,388
",Quantstamp,0.067272,(QSP),https://quantstamp.com/
"
101,743,211
","22,020,181","
110,100,629
",LEOcoin,0.216429,(LEO),http://www.leocoin.org/
"
40,376,260
","41,360,633","
40,656,082
",CRYPTO20,1.02,(C20),https://crypto20.com/
"
133,521,643
","21,802,081","
1,000,000,000
",Aurora DAO,0.163285,(AURA),https://auroradao.com
"
1,012,146,906
","41,285,371",,BitBay,0.040790,(BAY),http://bitbay.market/
"
150,000,000
","21,775,200","
500,000,000
",AirSwap,0.145168,(AST),https://www.airswap.io/
"
144,590,975
","40,507,740","
361,477,438
",Ambrosus,0.280154,(AMB),http://ambrosus.com/
"
579,723,957
","21,717,097","
840,000,000
",Litecoin Cash,0.037461,(LCC),https://litecoinca.sh/
"
93,377,799
","39,807,142","
186,000,000
",Arcblock,0.426302,(ABT),https://www.arcblock.io/
"
1,230,970,206
","21,717,884","
21,000,000,000
",Ravencoin,0.017643,(RVN),https://ravencoin.org/
"
3,998,289
","39,547,472","
5,936,663
",MinexCoin,9.89,(MNX),https://minexcoin.com/
"
355,695,066
","21,478,931","
800,000,000
",OST,0.060386,(OST),https://ost.com
"
46,448,735
","38,558,024","
100,000,000
",True Chain,0.830120,(TRUE),http://www.truechain.pro
"
55,000,000
","20,965,835","
100,000,000
 ",TomoChain,0.381197,(TOMO),https://tomochain.com/
"
1,968,986,470
","38,689,797","
3,646,271,241
",BLOCKv,0.019650,(VEE),https://blockv.io/
"
28,731,068
","20,867,633","
53,005,272
",Neumark,0.726309,(NEU),http://neufund.org/
"
314,185,591
","37,945,765","
675,000,000
",Genaro Network,0.120775,(GNX),https://genaro.network/en
"
600,000,000
","20,737,440","
1,000,000,000
",SingularDTV,0.034562,(SNGLS),https://singulardtv.com/
"
6,774,940,000
","38,147,722","
7,200,000,000
",Cube,0.005631,(AUTO),https://cubeint.io/
"
1,844,998,458
","20,667,488","
4,997,891,952
",Universa,0.011202,(UTNP),https://www.universa.io/
"
103,244,553
","37,803,509","
200,000,000
",DEW,0.366155,(DEW),https://www.dew.one/
"
4,934,048,956
","20,571,136","
9,000,000,000
",LoyalCoin,0.004169,(LYL),https://loyalcoin.io
"
18,326,892
","37,288,627","
22,300,000
",Bitcoin Interest,2.03,(BCI),http://bitcoininterest.io/
"
82,500,000
","20,415,533","
165,000,000
",PayPie,0.247461,(PPP),https://www.paypie.com/
"
93,355,331
","36,446,388","
114,855,331
",Asch,0.390405,(XAS),https://www.asch.io/
"
702,000,000
","20,353,226","
1,560,000,000
",Hydro Protocol,0.028993,(HOT),https://thehydrofoundation.com/
"
730,346,443
","36,399,663","
1,087,156,610
",FuzeX,0.049839,(FXT),https://fuzex.co/
"
89,708,333
","20,293,281","
100,000,000
",Wings,0.226214,(WINGS),https://wings.ai/
"
229,258,029
","35,857,561","
573,145,073
",SIRIN LABS Token,0.156407,(SRN),http://www.sirinlabs.com/
"
4,224,746,886
","20,561,843","
4,725,728,960
",PACcoin,0.004867,($PAC),http://paccoin.net/
"
239,962,000
","35,852,482",,bitCNY,0.149409,(BITCNY),http://cryptofresh.com/a/CNY
"
3,094,350,139
","19,954,907","
11,111,111,111
",Hydro,0.006449,(HYDRO),https://www.hydrogenplatform.com/hydro
"
88,733,978
","35,295,714","
88,862,718
",Bread,0.397770,(BRD),https://BRD.com 
"
140,000,000
","20,032,880","
200,000,000
",Mothership,0.143092,(MSP),https://mothership.cx/
"
4,750,000,000
","35,399,375","
10,000,000,000
",Odyssey,0.007452,(OCN),http://www.ocoins.cc/
"
3,639,990,384
","19,949,149","
10,000,000,000
 ",SwftCoin,0.005481,(SWFTC),http://www.swftcoin.com/
"
218,451,729
","34,266,557","
256,320,849
",POA Network,0.156861,(POA),https://poa.network/
"
21,758,988
","19,934,780","
27,658,988
",ION,0.916163,(ION),https://ionomy.com/
"
445,978,756
","34,114,253","
500,000,000
",BOScoin,0.076493,(BOS),https://boscoin.io/
"
311,384,365
","19,707,299","
500,000,000
",UTRUST,0.063289,(UTK),https://utrust.com/
"
259,348,201
","33,996,918","
800,000,000
",Pillar,0.131086,(PLR),https://pillarproject.io/
"
17,500,000
","19,822,075","
20,000,000
",Covesting,1.13,(COV),https://covesting.io/
"
95,639,612
","33,748,446","
132,046,997
",Edgeless,0.352871,(EDG),https://edgeless.io/
"
24,393,986
","31,904,162",,Primecoin,1.31,(XPM),http://primecoin.io/
